url,price,title
/sfc/rvd/6189570326.html,$29000,2016 Forest River RV Sabre Lite 28RL 5th Wheel - Rear Living Fifth Whe
/sfc/rvd/6188644100.html,$29000,2016 Forest River RV Sabre Lite 28RL 5th Wheel - Rear Living Fifth Whe
/sfc/rvs/6189877978.html,$9995,1991 Ford Tioga RV Motorhome
/sfc/rvs/6189876739.html,$9995,1991 Ford Tioga RV Motorhome
/sfc/rvd/6187174695.html,$28900,2017 Forest River RV Salem Hemisphere 282RK Travel Trailer
/sfc/rvs/6188220770.html,$5000,Class C RV
/sfc/rvs/6177348798.html,$69500,2007 Dutchmen Kodiak 34ft Class C Rv Duramax Diesel Motorhome Alison
/sfc/rvs/6177223318.html,$33500,23' 2007 RV Chateau Sport - 28k miles - Mint Condition!!
/sfc/rvd/6185705674.html,$2000,New Custom Metal RV or Boat Cover **Free Delivery and Installation**
/sfc/rvs/6184397602.html,$33500,23' 2007 RV Chateau Sport - 28k miles - Mint Condition!!
/sfc/rvd/6184144718.html,$23500,2017 Forest River RV Salem Hemisphere 26RL Travel Trailer for Sale
/sfc/rvs/6165341153.html,$18500,Price reduced for quick sale $18500. Or Trade for RV
/sfc/rvs/6182679570.html,$5000,Class C RV /  Road Ready
/sfc/rvs/6189959096.html,$8900,1984 Chevy RV - 1 owner - all documents
/sfc/cto/6170105679.html,$9995,1991 Ford Tioga RV Motorhome
/sfc/tix/6187480907.html,$1799,High Sierra Music Festival FestivALL RV guaranteed hookups VIP HSMF
/sfc/wan/6187344437.html,$1000,Wanted - 2 Oregon Eclipse Festival Tickets and 1 RV Pass
/sfc/wan/6185142068.html,$1111,"rv or trailer, truck or van  wanted cash paid or trade ???"
/sfc/rvd/6176901158.html,$29500,2017 Forest River RV Wildwood Heritage Glen 272RL Travel Trailer for S
/sfc/rvd/6176078124.html,$21500,2017 Forest River Wildwood Heritage Glen 23RB Travel Trailer RV for Sa
/sfc/rvd/6173780636.html,$40000,New 2017 Forest River Sabre Cobalt 36BHQ 5th Wheel RV
/sfc/rvd/6172157227.html,$38000,2017 Forest River RV Sabre Cobalt 30RLT 5th Wheel for Sale
/sfc/rvd/6170624378.html,$54900,2017 Forest River Vengeance 377V Toy Hauler 5th Wheel RV for Sale
/sfc/rvd/6169725334.html,$46900,2017 Forest River RV Vengeance Super Sport 312A Toy Hauler 5th Wheel
/sfc/rvd/6164693296.html,$28900,2017 Forest River RV Wildwood Heritage Glen 282RK Travel Trailer
/sfc/ctd/6159328029.html,$28999,2006 *Ford* *E-Series* *Van* RV ðŸš— GREAT DEALS !!
/sfc/rvs/6164616714.html,$19000,"""Incubate"" by Moksha's Tiny RV"
/sfc/rvd/6160350241.html,$29900,2017 Forest River RV Wildwood Heritage Glen 312QB Travel Trailer
/sfc/rvd/6157656780.html,$42500,2016 Forest River Sabre 360QB - Quad Bunk 5th Wheel RV
/sfc/rvd/6156220688.html,$29500,2017 Forest River RV Wildwood Heritage Glen 272RL Travel Trailer for S
/sfc/rvd/6154972091.html,$29900,2016 Forest River RV Sabre Lite 29RE - Rear Entertainment 5th Wheel
/sfc/ctd/6157619767.html,$6495,2002 Ford Econoline Shuttle Bus 7.3L Powerstroke Turbo Diesel Van RV Camper
/sfc/rvd/6161688630.html,$21500,2017 Forest River RV Salem Hemisphere 23RB Travel Trailer for Sale
/sfc/rvd/6152886754.html,$23500,2017 Forest River RV Wildwood Heritage Glen 26RL Travel Trailer
/sfc/rvd/6150510272.html,$34500,New 2017 Forest River RV Sabre Cobalt 27RLT 5th Wheel
/sfc/rvd/6148988042.html,$34000,2017 Forest River RV Sabre Cobalt 27BHD 5th Wheel for Sale
/sfc/rvd/6147848796.html,$29000,2016 Forest River RV Sabre Lite 28RL 5th Wheel - Rear Living Fifth Whe
/sfc/rvd/6151748426.html,$29900,2017 Forest River RV Salem Hemisphere 312QB Travel Trailer for Sale
/sfc/rvs/6183679237.html,$33950,2006 DUTCHMEN EXPRESS CLASS C 30.5'
/sfc/rvd/6146051984.html,$28900,2017 Forest River RV Salem Hemisphere 282RK Travel Trailer
/sfc/rvs/6171986494.html,$39900,Retro vintage style camper
/sfc/rvs/6188790373.html,$79950,2006  Itasca Ellipse 40KD 350
/sfc/rvs/6148361067.html,$7500,90 winnebago super chief 31 foot
/sfc/rvs/6166562384.html,$8000,90 winnebago super chief 31 foot
/sfc/rvs/6187966006.html,$5900,"2002 Ultra Gulf Stream, Class A- Low miles"
/sfc/rvs/6186979438.html,$9000,"2006' CrossForce 32' TOYHAULER, 4KW ONAN' SLIDEOUT'"
/sfc/rvs/6186506282.html,$10000,"27"" flat tv 3300SK Sundance camper Heartland 2010"
/sfc/rvs/6186210823.html,$2500,1996 Fleetwood Storm 26D
/sfc/rvd/6185538274.html,$48900,2017 Forest River Vengeance 320A Toy Hauler Fifth Wheel for Sale
/sfc/rvs/6141791975.html,$7500,90 winnebago super chief 31 foot
/sfc/rvs/6168840891.html,$17150,WOW' 2001 REXHALL AERBUS 35' WATT GENERAC' HIGHLINE 'Q55G'
/sfc/rvs/6173283486.html,$17000,"2001 REXHALL AERBUS 35""TRITON"" V10% ENGINE"""""
/sfc/cto/6153782147.html,$7500,1986 Ford Econoline 150 hightop van rv camper
/sfc/rvs/6182414073.html,$14500,2014 Winnebago Minnie
/sfc/rvs/6172917197.html,$28000,2002 VW Rialta QD in great condition
/sfc/rvs/6143017006.html,$34000,2003 FLEETWOOD TIOGA
/sfc/rvs/6139592192.html,$7500,90 winnebago super chief 31 foot
/sfc/rvd/6175562509.html,$219900,2012 Tiffin Allegro Bus 43QGP Quad Slide-Out Class A Diesel MH (#3870)
/sfc/rvd/6174051106.html,$69900,SALE! 2017 Forest River Forester TS 2391 Class C Gas Motorhome (#3693)
/sfc/rvd/6171183885.html,$18137,2017 Little Guy Silver Shadow 6 X 10 Travel Trailers
/sfc/rvd/6171184007.html,$14998,2017 Little Guy Silver Shadow 6 X 10 Travel Trailers
/sfc/rvd/6171184222.html,$69698,2017 Keystone Montana 3820FK Fifth Wheel RVs
/sfc/tro/6190112397.html,$37000,Beautiful 2016 built food cart
/sfc/cto/6180205682.html,$4500,1990 Chevy Van Camper with high top
/sfc/cto/6189823060.html,$25000,1929 Model A Coupe
/sfc/rvs/6189779998.html,$11950,2000 Fleetwood cabover camper w/generator
/sfc/rvd/6168102253.html,$33500,2016 Forest River Sabre 295CK - Center Kitchen 5th Wheel for Sale
/sfc/rvd/6167844639.html,$28985,2013 THOR MOTOR COACH MAJESTIC 23A
/sfc/for/6181738263.html,$1000,Private Resort Ownership at Lake Berryessa
/sfc/boa/6188909279.html,$45000,"GRAND BANKD 42 CLASSIC, EXCELLENT CONDITION! LOW HOURS!!"
/sfc/ctd/6188538327.html,$19500,2007 CHEVROLET EXPRESS 16' BOX TRUCK CAMPER 6.6L DURAMAX DIESEL
/sfc/ctd/6188147086.html,$39995,2003 Great West Classic Supreme
/sfc/cto/6187524118.html,$22500,VW Convertible +++ R Line 2015 like new!!! With only 6900 Miles!
/sfc/rvd/6166266789.html,$25900,2016 Forest River Sabre Lite 25RL - Rear Living 5th Wheels for Sale
/sfc/bpo/6186576778.html,$7999,LIKE NEW 2011 model Cummins M11 C Diesel Engine (2 Engines)
/sfc/bfs/6185995354.html,$39999,Wood fired pizza food trailer
/sfc/for/6182513981.html,$1000,Private Resort Ownership at Lake Berryessa
/sfc/cto/6185939986.html,$39500,1965 Mustang Convertible Shelby GT 350 clone
/sfc/mcd/6185313578.html,$7699,2016 Ducati Scrambler Classic
/sfc/cto/6156055322.html,$6500,1992 F-150 XLT Nite Edition plus Pop-up Camper
/sfc/trb/6185054744.html,$6999,8.5x16 Tandem Axle LoadRunner Trailer For Sale
/sfc/trb/6184893564.html,$5199,7x16 Tandem Axle Enclosed Trailer For Sale
/sfc/ctd/6184226895.html,$4500,Chevy Silverado 2500 Utility Truck 1 Owner Government 8' Service Bed LOW MILES
/sfc/rvs/6176903962.html,$9499,1990 Toyota Winnebago Warrior 20'--Everything Works! Runs Great!
/sfc/ctd/6182130722.html,$3950,2001 Honda CR-V AWD Low Miles 123K  $3950
/sfc/for/6175753948.html,$6399,8.5 X 24 X 7 ENCLOSED TRAILER
/sfc/ctd/6180156765.html,$8995,2007 Chevy Silverado 1500 Pickup Truck 1 Owner Long Bed V8 5.3L Great MPG
/sfc/rvd/6159431540.html,$72900,2017 Forest River Vengeance Touring Edition 39c14 Toy Hauler
/sfc/ctd/6179720018.html,$11995,08 Chevy Express 4X4 AWD Passenger Van 4WD All Wheel Drive 1 Owner Government
/sfc/ctd/6179626478.html,$6995,04 Ford F250 Super Duty Pickup Truck Ladder Rack 1 Owner Government 3/4 Ton
/sfc/fod/6179387123.html,$1299,"Electric Powered Motorized Trailer Tow Dolly Boat Mover Car 10,000lb"
/sfc/ctd/6178074811.html,$39995,2003 Great West Classic Supreme
/sfc/ctd/6176985619.html,$6995,01 Dodge Ram B3500 Extended Cargo Van 1-Ton Work Bins Shelves 1 Owner LOW MILES
/sfc/ctd/6176558374.html,$4500,Chevy Silverado 2500 Utility Truck 1 Owner Government 8' Service Bed LOW MILES
/sfc/ctd/6175733995.html,$11995,Ford Crew Cab Utility Truck 7.3L Turbo Diesel Service Body 1 Owner LOW MILES
/sfc/ctd/6175229421.html,$6995,"Ford Econoline E350 12-Passenger Van 1 Owner Government 1-Ton 54,000 MILES"
/sfc/cto/6163110780.html,$19900,"07 National Sea Breeze LX Very 26,758 miles"
/sfc/rvd/6154367314.html,$239900,2014 Thor Tuscany 45LT Full Wall/3 Class A Diesel Motorhome (#4101)
/sfc/fod/6172020299.html,$28000,Affordable Backyard Cottages & Tiny Houses - Built to last
/sfc/ctd/6170994763.html,$6495,02 Ford E450 20-Passenger School Bus 7.3L Turbo Diesel Shuttle Van Low Miles
/sfc/ctd/6170917649.html,$52898,2015 Ford F-250 Lariat SKU:FED16441 Ford F-250 Lariat Crew Cab
/sfc/trb/6170459032.html,$6399,8.5x20 Tandem Axle Cargo Trailer For Sale
/sfc/ctd/6170458580.html,$3850,2001 Honda CR-V AWD Low Miles 123K  $3850
/sfc/ctd/6169486917.html,$10995,2010 Ford Econoline E150 8-Passenger Van 1/2 Ton Great MPG RARE BLACK COLOR!
/sfc/cto/6167020717.html,$3600,Dodge Van B-3500 1996 ext.
/sfc/ctd/6166385050.html,$39995,2003 Great West Classic Supreme
/sfc/ctd/6166317311.html,$64995,2009 Itasca Navion
/sfc/ctd/6165449501.html,$7495,2003 Ford F250 Utility Truck 1 Owner Government 8' Service Bed Work Bins
/sfc/trb/6164418475.html,$3329,6x12 Enclosed Trailer For Sale
/sfc/ctd/6163245484.html,$6995,"Ford Econoline E350 12-Passenger Van 1 Owner Government 1-Ton 50,000 MILES!"
/sfc/trb/6161799234.html,$4799,7x16 Tandem Axle Enclosed Trailer For Sale
/sfc/trb/6161256576.html,$3299,6x12 Enclosed Trailer For Sale
/sfc/rvd/6149162884.html,$65000,New 2017 Ford Transit Camper Van: Low as $284/month!
/sfc/rvd/6157714942.html,$154900,2017 Thor Palazzo 33.2 Full Wall Double Slide-Out Class A MH (#3829)
/sfc/ctd/6160304866.html,$3950,2001 Honda CR-V AWD Low Miles 123K  $3950
/sfc/trb/6159066125.html,$5199,7x16 Tandem Axle Enclosed Trailer For Sale
/sfc/fod/6158985431.html,$28000,Affordable Backyard Cottages & Tiny Houses - Built to last
/sfc/ctd/6158931322.html,$4750,Dodge Dakota Extended Cab Truck Ladder Rack Work Tool Box 1 Owner V6 Great MPG
/sfc/trb/6158797959.html,$4859,7x14 Tandem Axle Enclosed Trailer For Sale
/sfc/rvd/6145924433.html,$251528,2018 Thor Venetian A40 Full Wall/3 Slide-Out Class A Diesel MH (#4124)
